alpha,log_alpha,R2_train,R2_loocv
0.1,-1.0,0.18789916402114795,-0.1587503489929274
0.3,-0.5228787452803376,0.18773739942498696,-0.14212020763812827
0.5,-0.3010299956639812,0.18746074016305603,-0.1286203593140629
0.7,-0.1549019599857432,0.18710321149732495,-0.11733467906700845
0.9,-0.045757490560675115,0.18668886646662924,-0.1076901503294716
