alpha,R2_train,R2_loocv
0.1,0.29672958487685563,-0.20924364142257934
0.3,0.29662659707899713,-0.18752601189484253
0.5,0.29644565040778104,-0.16901796783547285
0.7,0.29620409413604076,-0.1529696445774078
0.9,0.29591396094371775,-0.1388634116998435
