Feature,r_ARI,p_ARI,p_ARI_fdr,significant_ARI,r_SCARED,p_SCARED,p_SCARED_fdr,significant_SCARED
Dwell_a_d_BG,0.3119051234764192,0.03281859561634735,0.14332758201792306,False,0.363350537843135,0.012060035547717533,0.0924602725325011,True
Dwell_a_d_EY,-0.33819665554837636,0.020066508662622676,0.14332758201792306,False,-0.3687230291296449,0.010762059140753977,0.0924602725325011,True
Dwell_a_a_BG,0.3676605508948664,0.011008778142087514,0.14332758201792306,False,0.36542516604468084,0.01154374980114573,0.0924602725325011,True
Dwell_a_a_EY,-0.30948028325506544,0.03427398700428595,0.14332758201792306,False,-0.406129727740023,0.004618363653957563,0.07081490936068263,True
pctFirstFixa_aEY,-0.2685393642596544,0.06798226211357862,0.20847893714830776,False,-0.4274519351203165,0.002728133075116823,0.07081490936068263,True
pctFirstFixa_dBG,0.3413289667603842,0.018873383224796494,0.14332758201792306,False,0.41027374375436787,0.004180136098950063,0.07081490936068263,True
