Feature,r_ARI,p_ARI,p_ARI_fdr,significant_ARI,r_SCARED,p_SCARED,p_SCARED_fdr,significant_SCARED
Dwell_a_d_BG,0.3119051234764193,0.032818595616347306,0.14332758201792278,False,0.3633505378431351,0.01206003554771752,0.092460272532501,True
Dwell_a_d_EY,-0.3381966555483764,0.02006650866262266,0.14332758201792278,False,-0.3687230291296449,0.010762059140753993,0.092460272532501,True
Dwell_a_a_BG,0.3676605508948665,0.011008778142087491,0.14332758201792278,False,0.3654251660446809,0.011543749801145762,0.092460272532501,True
Dwell_a_a_EY,-0.30948028325506555,0.03427398700428588,0.14332758201792278,False,-0.4061297277400229,0.004618363653957591,0.07081490936068306,True
pctFirstFixa_aEY,-0.26853936425965436,0.06798226211357859,0.20847893714830767,False,-0.4274519351203163,0.0027281330751168353,0.07081490936068306,True
pctFirstFixa_dBG,0.34132896676038416,0.01887338322479664,0.14332758201792278,False,0.4102737437543678,0.004180136098950056,0.07081490936068306,True
