Feature,VIF
Fix_a_a_BG,9.96570076101018
Fix_c_a_BG,11.89122698522536
Dwell_c_d_BG,11.945615377991862
pctFirstFixc_aBG,7.961138049374393
pctFirstFixa_dBG,9.055854799452424
pctFirstFixc_dMO,1.2497733240705098
