Feature,VIF
Dwell_a_d_EY,4.276287530473589
pctFirstFixa_aEY,4.276287530473589
