Feature,VIF
Dwell_c_d_BG,7.112462784781325
Dwell_c_a_EY,7.050979548058533
pctFirstFixa_aEY,4.6862628365584
pctFirstFixa_aMO,1.2268371271275502
pctFirstFixa_aBG,4.820646293984448
pctFirstFixc_dBG,10.539248930115921
meanRT-c_a,9.389498789442364
