Feature,r_SCARED,p_SCARED,p_SCARED_fdr,significant_SCARED
Dwell_a_d_BG,0.3633505378431351,0.01206003554771752,0.092460272532501,True
Dwell_a_d_EY,-0.3687230291296449,0.010762059140753993,0.092460272532501,True
Dwell_a_a_BG,0.3654251660446809,0.011543749801145762,0.092460272532501,True
Dwell_a_a_EY,-0.4061297277400229,0.004618363653957591,0.07081490936068306,True
pctFirstFixa_aEY,-0.4274519351203163,0.0027281330751168353,0.07081490936068306,True
pctFirstFixa_dBG,0.4102737437543678,0.004180136098950056,0.07081490936068306,True
