Feature,VIF
Dwell_a_d_BG,29.226486533832382
Dwell_a_d_EY,27.180987928262287
Dwell_a_a_BG,22.188106248792664
Dwell_a_a_EY,29.86203392189268
pctFirstFixa_aEY,5.38401561038415
pctFirstFixa_dBG,9.410387416625872
