Feature,VIF
Dwell_a_d_BG,46.51235020582532
Dwell_a_d_EY,47.947710078002245
Dwell_a_a_BG,23.899108300258312
Dwell_a_a_EY,45.044128568644865
Dwell_c_d_BG,22.76401997117024
Dwell_c_a_EY,23.259504470535852
pctFirstFixa_aEY,11.106370548967982
pctFirstFixa_dEY,20.422484854020972
pctFirstFixa_dBG,14.874018699670774
pctFirstFixc_dBG,13.225427268783331
