Feature,VIF
Dwell_a_d_EY,25.478213775726687
Dwell_a_a_EY,25.478213775726687
